;; Object font-utils
;; EIEIO PERSISTENT OBJECT
(pcache-repository "font-utils"
  :file "font-utils"
  :object-name "font-utils"
  :version "30.0.50/0.5"
  :entries #s(hash-table size 65 test eql rehash-size 1.5 rehash-threshold 0.8125 data (checksum-w:ns-h:localhost-e:30.0.50-l:0.7.8 (pcache-entry "pcache-entry-1ffc937b93ec" :timestamp 1689312732.951636 :ttl 7776000 :value "6e72c96ad140156ae2d1f119c03592f0") font-names-w:ns-h:localhost-e:30.0.50-l:0.7.8 (pcache-entry "pcache-entry-1ffc937b9408" :timestamp 1689312732.965697 :ttl 7776000 :value #s(hash-table size 2125 test equal rehash-size 1.5 rehash-threshold 0.8125 data ("ACADEMY ENGRAVED LET" "Academy Engraved LET" "ACADEMYENGRAVEDLET" "Academy Engraved LET" "ACADEMY_ENGRAVED_LET" "Academy Engraved LET" "ACADEMY-ENGRAVED-LET" "Academy Engraved LET" "AL BAYAN" "Al Bayan" "ALBAYAN" "Al Bayan" "AL_BAYAN" "Al Bayan" "AL-BAYAN" "Al Bayan" "AL NILE" "Al Nile" "ALNILE" "Al Nile" "AL_NILE" "Al Nile" "AL-NILE" "Al Nile" "AL TARIKH" "Al Tarikh" "ALTARIKH" "Al Tarikh" "AL_TARIKH" "Al Tarikh" "AL-TARIKH" "Al Tarikh" "AMERICAN TYPEWRITER" "American Typewriter" "AMERICANTYPEWRITER" "American Typewriter" "AMERICAN_TYPEWRITER" "American Typewriter" "AMERICAN-TYPEWRITER" "American Typewriter" "ANDALE MONO" "Andale Mono" "ANDALEMONO" "Andale Mono" "ANDALE_MONO" "Andale Mono" "ANDALE-MONO" "Andale Mono" "ANKA/CODER" "Anka/Coder" "ANKA/CODER CONDENSED" "Anka/Coder Condensed" "ANKA/CODERCONDENSED" "Anka/Coder Condensed" "ANKA/CODER_CONDENSED" "Anka/Coder Condensed" "ANKA/CODER-CONDENSED" "Anka/Coder Condensed" "ANKA/CODER NARROW" "Anka/Coder Narrow" "ANKA/CODERNARROW" "Anka/Coder Narrow" "ANKA/CODER_NARROW" "Anka/Coder Narrow" "ANKA/CODER-NARROW" "Anka/Coder Narrow" "APPLE BRAILLE" "Apple Braille" "APPLEBRAILLE" "Apple Braille" "APPLE_BRAILLE" "Apple Braille" "APPLE-BRAILLE" "Apple Braille" "APPLE CHANCERY" "Apple Chancery" "APPLECHANCERY" "Apple Chancery" "APPLE_CHANCERY" "Apple Chancery" "APPLE-CHANCERY" "Apple Chancery" "APPLE COLOR EMOJI" "Apple Color Emoji" "APPLECOLOREMOJI" "Apple Color Emoji" "APPLE_COLOR_EMOJI" "Apple Color Emoji" "APPLE-COLOR-EMOJI" "Apple Color Emoji" "APPLE LIGOTHIC" "Apple LiGothic" "APPLELIGOTHIC" "Apple LiGothic" "APPLE_LIGOTHIC" "Apple LiGothic" "APPLE-LIGOTHIC" "Apple LiGothic" "APPLE LI GOTHIC" "Apple LiGothic" "APPLE_LI_GOTHIC" "Apple LiGothic" "APPLE-LI-GOTHIC" "Apple LiGothic" "APPLE LISUNG" "Apple LiSung" "APPLELISUNG" "Apple LiSung" "APPLE_LISUNG" "Apple LiSung" "APPLE-LISUNG" "Apple LiSung" "APPLE LI SUNG" "Apple LiSung" "APPLE_LI_SUNG" "Apple LiSung" "APPLE-LI-SUNG" "Apple LiSung" "APPLE SD GOTHIC NEO" "Apple SD Gothic Neo" "APPLESDGOTHICNEO" "Apple SD Gothic Neo" "APPLE_SD_GOTHIC_NEO" "Apple SD Gothic Neo" "APPLE-SD-GOTHIC-NEO" "Apple SD Gothic Neo" "APPLE SYMBOLS" "Apple Symbols" "APPLESYMBOLS" "Apple Symbols" "APPLE_SYMBOLS" "Apple Symbols" "APPLE-SYMBOLS" "Apple Symbols" "APPLEGOTHIC" "AppleGothic" "APPLE GOTHIC" "AppleGothic" "APPLE_GOTHIC" "AppleGothic" "APPLE-GOTHIC" "AppleGothic" "APPLEMYUNGJO" "AppleMyungjo" "APPLE MYUNGJO" "AppleMyungjo" "APPLE_MYUNGJO" "AppleMyungjo" "APPLE-MYUNGJO" "AppleMyungjo" "ARIAL" "Arial" "ARIAL BLACK" "Arial Black" "ARIALBLACK" "Arial Black" "ARIAL_BLACK" "Arial Black" "ARIAL-BLACK" "Arial Black" "ARIAL HEBREW" "Arial Hebrew" "ARIALHEBREW" "Arial Hebrew" "ARIAL_HEBREW" "Arial Hebrew" "ARIAL-HEBREW" "Arial Hebrew" "ARIAL HEBREW SCHOLAR" "Arial Hebrew Scholar" "ARIALHEBREWSCHOLAR" "Arial Hebrew Scholar" "ARIAL_HEBREW_SCHOLAR" "Arial Hebrew Scholar" "ARIAL-HEBREW-SCHOLAR" "Arial Hebrew Scholar" "ARIAL NARROW" "Arial Narrow" "ARIALNARROW" "Arial Narrow" "ARIAL_NARROW" "Arial Narrow" "ARIAL-NARROW" "Arial Narrow" "ARIAL ROUNDED MT BOLD" "Arial Rounded MT Bold" "ARIALROUNDEDMTBOLD" "Arial Rounded MT Bold" "ARIAL_ROUNDED_MT_BOLD" "Arial Rounded MT Bold" "ARIAL-ROUNDED-MT-BOLD" "Arial Rounded MT Bold" "ARIAL UNICODE MS" "Arial Unicode MS" "ARIALUNICODEMS" "Arial Unicode MS" "ARIAL_UNICODE_MS" "Arial Unicode MS" "ARIAL-UNICODE-MS" "Arial Unicode MS" "ARTIFAKT ELEMENT" "Artifakt Element" "ARTIFAKTELEMENT" "Artifakt Element" "ARTIFAKT_ELEMENT" "Artifakt Element" "ARTIFAKT-ELEMENT" "Artifakt Element" "ARVO" "Arvo" "AVENIR" "Avenir" "AVENIR NEXT" "Avenir Next" "AVENIRNEXT" "Avenir Next" "AVENIR_NEXT" "Avenir Next" "AVENIR-NEXT" "Avenir Next" "AVENIR NEXT CONDENSED" "Avenir Next Condensed" "AVENIRNEXTCONDENSED" "Avenir Next Condensed" "AVENIR_NEXT_CONDENSED" "Avenir Next Condensed" "AVENIR-NEXT-CONDENSED" "Avenir Next Condensed" "AYUTHAYA" "Ayuthaya" "BM DOHYEON" "BM Dohyeon" "BMDOHYEON" "BM Dohyeon" "BM_DOHYEON" "BM Dohyeon" "BM-DOHYEON" "BM Dohyeon" "BM HANNA 11YRS OLD" "BM Hanna 11yrs Old" "BMHANNA11YRSOLD" "BM Hanna 11yrs Old" "BM_HANNA_11YRS_OLD" "BM Hanna 11yrs Old" "BM-HANNA-11YRS-OLD" "BM Hanna 11yrs Old" "BM HANNA AIR" "BM Hanna Air" "BMHANNAAIR" "BM Hanna Air" "BM_HANNA_AIR" "BM Hanna Air" "BM-HANNA-AIR" "BM Hanna Air" "BM HANNA PRO" "BM Hanna Pro" "BMHANNAPRO" "BM Hanna Pro" "BM_HANNA_PRO" "BM Hanna Pro" "BM-HANNA-PRO" "BM Hanna Pro" "BM JUA" "BM Jua" "BMJUA" "BM Jua" "BM_JUA" "BM Jua" "BM-JUA" "BM Jua" "BM KIRANG HAERANG" "BM Kirang Haerang" "BMKIRANGHAERANG" "BM Kirang Haerang" "BM_KIRANG_HAERANG" "BM Kirang Haerang" "BM-KIRANG-HAERANG" "BM Kirang Haerang" "BM YEONSUNG" "BM Yeonsung" "BMYEONSUNG" "BM Yeonsung" "BM_YEONSUNG" "BM Yeonsung" "BM-YEONSUNG" "BM Yeonsung" "BAGHDAD" "Baghdad" "BANGLA MN" "Bangla MN" "BANGLAMN" "Bangla MN" "BANGLA_MN" "Bangla MN" "BANGLA-MN" "Bangla MN" "BANGLA SANGAM MN" "Bangla Sangam MN" "BANGLASANGAMMN" "Bangla Sangam MN" "BANGLA_SANGAM_MN" "Bangla Sangam MN" "BANGLA-SANGAM-MN" "Bangla Sangam MN" "BAOLI SC" "Baoli SC" "BAOLISC" "Baoli SC" "BAOLI_SC" "Baoli SC" "BAOLI-SC" "Baoli SC" "BAOLI TC" "Baoli TC" "BAOLITC" "Baoli TC" "BAOLI_TC" "Baoli TC" "BAOLI-TC" "Baoli TC" "BARLOW" "Barlow" "BARLOW CONDENSED" "Barlow Condensed" "BARLOWCONDENSED" "Barlow Condensed" "BARLOW_CONDENSED" "Barlow Condensed" "BARLOW-CONDENSED" "Barlow Condensed" "BARLOW SEMI CONDENSED" "Barlow Semi Condensed" "BARLOWSEMICONDENSED" "Barlow Semi Condensed" "BARLOW_SEMI_CONDENSED" "Barlow Semi Condensed" "BARLOW-SEMI-CONDENSED" "Barlow Semi Condensed" "BASKERVILLE" "Baskerville" "BEIRUT" "Beirut" "BIAUKAI" "BiauKai" "BIAU KAI" "BiauKai" "BIAU_KAI" "BiauKai" "BIAU-KAI" "BiauKai" "BIG CASLON" "Big Caslon" "BIGCASLON" "Big Caslon" "BIG_CASLON" "Big Caslon" "BIG-CASLON" "Big Caslon" "BODONI 72" "Bodoni 72" "BODONI72" "Bodoni 72" "BODONI_72" "Bodoni 72" "BODONI-72" "Bodoni 72" "BODONI 72 OLDSTYLE" "Bodoni 72 Oldstyle" "BODONI72OLDSTYLE" "Bodoni 72 Oldstyle" "BODONI_72_OLDSTYLE" "Bodoni 72 Oldstyle" "BODONI-72-OLDSTYLE" "Bodoni 72 Oldstyle" "BODONI 72 SMALLCAPS" "Bodoni 72 Smallcaps" "BODONI72SMALLCAPS" "Bodoni 72 Smallcaps" "BODONI_72_SMALLCAPS" "Bodoni 72 Smallcaps" "BODONI-72-SMALLCAPS" "Bodoni 72 Smallcaps" "BODONI ORNAMENTS" "Bodoni Ornaments" "BODONIORNAMENTS" "Bodoni Ornaments" "BODONI_ORNAMENTS" "Bodoni Ornaments" "BODONI-ORNAMENTS" "Bodoni Ornaments" "BOLHU" "Bolhu" "BRADLEY HAND" "Bradley Hand" "BRADLEYHAND" "Bradley Hand" "BRADLEY_HAND" "Bradley Hand" "BRADLEY-HAND" "Bradley Hand" "BRUSH SCRIPT MT" "Brush Script MT" "BRUSHSCRIPTMT" "Brush Script MT" "BRUSH_SCRIPT_MT" "Brush Script MT" "BRUSH-SCRIPT-MT" "Brush Script MT" "CASCADIA CODE" "Cascadia Code" "CASCADIACODE" "Cascadia Code" "CASCADIA_CODE" "Cascadia Code" "CASCADIA-CODE" "Cascadia Code" "CASCADIA MONO" "Cascadia Mono" "CASCADIAMONO" "Cascadia Mono" "CASCADIA_MONO" "Cascadia Mono" "CASCADIA-MONO" "Cascadia Mono" "CHALKBOARD" "Chalkboard" "CHALKBOARD SE" "Chalkboard SE" "CHALKBOARDSE" "Chalkboard SE" "CHALKBOARD_SE" "Chalkboard SE" "CHALKBOARD-SE" "Chalkboard SE" "CHALKDUSTER" "Chalkduster" "CHARTER" "Charter" "COCHIN" "Cochin" "COMIC SANS MS" "Comic Sans MS" "COMICSANSMS" "Comic Sans MS" "COMIC_SANS_MS" "Comic Sans MS" "COMIC-SANS-MS" "Comic Sans MS" "COPPERPLATE" "Copperplate" "CORSIVA HEBREW" "Corsiva Hebrew" "CORSIVAHEBREW" "Corsiva Hebrew" "CORSIVA_HEBREW" "Corsiva Hebrew" "CORSIVA-HEBREW" "Corsiva Hebrew" "COURIER NEW" "Courier New" "COURIERNEW" "Courier New" "COURIER_NEW" "Courier New" "COURIER-NEW" "Courier New" "DIN ALTERNATE" "DIN Alternate" "DINALTERNATE" "DIN Alternate" "DIN_ALTERNATE" "DIN Alternate" "DIN-ALTERNATE" "DIN Alternate" "DIN CONDENSED" "DIN Condensed" "DINCONDENSED" "DIN Condensed" "DIN_CONDENSED" "DIN Condensed" "DIN-CONDENSED" "DIN Condensed" "DAMASCUS" "Damascus" "DECOTYPE NASKH" "DecoType Naskh" "DECOTYPENASKH" "DecoType Naskh" "DECOTYPE_NASKH" "DecoType Naskh" "DECOTYPE-NASKH" "DecoType Naskh" "DECO TYPE NASKH" "DecoType Naskh" "DECO_TYPE_NASKH" "DecoType Naskh" "DECO-TYPE-NASKH" "DecoType Naskh" "DEVANAGARI MT" "Devanagari MT" "DEVANAGARIMT" "Devanagari MT" "DEVANAGARI_MT" "Devanagari MT" "DEVANAGARI-MT" "Devanagari MT" "DEVANAGARI SANGAM MN" "Devanagari Sangam MN" "DEVANAGARISANGAMMN" "Devanagari Sangam MN" "DEVANAGARI_SANGAM_MN" "Devanagari Sangam MN" "DEVANAGARI-SANGAM-MN" "Devanagari Sangam MN" "DIDOT" "Didot" "DIWAN KUFI" "Diwan Kufi" "DIWANKUFI" "Diwan Kufi" "DIWAN_KUFI" "Diwan Kufi" "DIWAN-KUFI" "Diwan Kufi" "DIWAN THULUTH" "Diwan Thuluth" "DIWANTHULUTH" "Diwan Thuluth" "DIWAN_THULUTH" "Diwan Thuluth" "DIWAN-THULUTH" "Diwan Thuluth" "DROIDSANSM NERD FONT" "DroidSansM Nerd Font" "DROIDSANSMNERDFONT" "DroidSansM Nerd Font" "DROIDSANSM_NERD_FONT" "DroidSansM Nerd Font" "DROIDSANSM-NERD-FONT" "DroidSansM Nerd Font" "DROID SANS M NERD FONT" "DroidSansM Nerd Font" "DROID_SANS_M_NERD_FONT" "DroidSansM Nerd Font" "DROID-SANS-M-NERD-FONT" "DroidSansM Nerd Font" "DROIDSANSM NERD FONT MONO" "DroidSansM Nerd Font Mono" "DROIDSANSMNERDFONTMONO" "DroidSansM Nerd Font Mono" "DROIDSANSM_NERD_FONT_MONO" "DroidSansM Nerd Font Mono" "DROIDSANSM-NERD-FONT-MONO" "DroidSansM Nerd Font Mono" "DROID SANS M NERD FONT MONO" "DroidSansM Nerd Font Mono" "DROID_SANS_M_NERD_FONT_MONO" "DroidSansM Nerd Font Mono" "DROID-SANS-M-NERD-FONT-MONO" "DroidSansM Nerd Font Mono" "DROIDSANSM NERD FONT PROPO" "DroidSansM Nerd Font Propo" "DROIDSANSMNERDFONTPROPO" "DroidSansM Nerd Font Propo" "DROIDSANSM_NERD_FONT_PROPO" "DroidSansM Nerd Font Propo" "DROIDSANSM-NERD-FONT-PROPO" "DroidSansM Nerd Font Propo" "DROID SANS M NERD FONT PROPO" "DroidSansM Nerd Font Propo" "DROID_SANS_M_NERD_FONT_PROPO" "DroidSansM Nerd Font Propo" "DROID-SANS-M-NERD-FONT-PROPO" "DroidSansM Nerd Font Propo" "EUPHEMIA UCAS" "Euphemia UCAS" "EUPHEMIAUCAS" "Euphemia UCAS" "EUPHEMIA_UCAS" "Euphemia UCAS" "EUPHEMIA-UCAS" "Euphemia UCAS" "FANGSONG" "FangSong" "FANG SONG" "FangSong" "FANG_SONG" "FangSong" "FANG-SONG" "FangSong" "FANTASQUESANSM NERD FONT" "FantasqueSansM Nerd Font" "FANTASQUESANSMNERDFONT" "FantasqueSansM Nerd Font" "FANTASQUESANSM_NERD_FONT" "FantasqueSansM Nerd Font" "FANTASQUESANSM-NERD-FONT" "FantasqueSansM Nerd Font" "FANTASQUE SANS M NERD FONT" "FantasqueSansM Nerd Font" "FANTASQUE_SANS_M_NERD_FONT" "FantasqueSansM Nerd Font" "FANTASQUE-SANS-M-NERD-FONT" "FantasqueSansM Nerd Font" "FANTASQUESANSM NERD FONT MONO" "FantasqueSansM Nerd Font Mono" "FANTASQUESANSMNERDFONTMONO" "FantasqueSansM Nerd Font Mono" "FANTASQUESANSM_NERD_FONT_MONO" "FantasqueSansM Nerd Font Mono" "FANTASQUESANSM-NERD-FONT-MONO" "FantasqueSansM Nerd Font Mono" "FANTASQUE SANS M NERD FONT MONO" "FantasqueSansM Nerd Font Mono" "FANTASQUE_SANS_M_NERD_FONT_MONO" "FantasqueSansM Nerd Font Mono" "FANTASQUE-SANS-M-NERD-FONT-MONO" "FantasqueSansM Nerd Font Mono" "FANTASQUESANSM NERD FONT PROPO" "FantasqueSansM Nerd Font Propo" "FANTASQUESANSMNERDFONTPROPO" "FantasqueSansM Nerd Font Propo" "FANTASQUESANSM_NERD_FONT_PROPO" "FantasqueSansM Nerd Font Propo" "FANTASQUESANSM-NERD-FONT-PROPO" "FantasqueSansM Nerd Font Propo" "FANTASQUE SANS M NERD FONT PROPO" "FantasqueSansM Nerd Font Propo" "FANTASQUE_SANS_M_NERD_FONT_PROPO" "FantasqueSansM Nerd Font Propo" "FANTASQUE-SANS-M-NERD-FONT-PROPO" "FantasqueSansM Nerd Font Propo" "FARAH" "Farah" "FARISI" "Farisi" "FIRA MONO" "Fira Mono" "FIRAMONO" "Fira Mono" "FIRA_MONO" "Fira Mono" "FIRA-MONO" "Fira Mono" "FIRAMONO NERD FONT" "FiraMono Nerd Font" "FIRAMONONERDFONT" "FiraMono Nerd Font" "FIRAMONO_NERD_FONT" "FiraMono Nerd Font" "FIRAMONO-NERD-FONT" "FiraMono Nerd Font" "FIRA MONO NERD FONT" "FiraMono Nerd Font" "FIRA_MONO_NERD_FONT" "FiraMono Nerd Font" "FIRA-MONO-NERD-FONT" "FiraMono Nerd Font" "FIRAMONO NERD FONT MONO" "FiraMono Nerd Font Mono" "FIRAMONONERDFONTMONO" "FiraMono Nerd Font Mono" "FIRAMONO_NERD_FONT_MONO" "FiraMono Nerd Font Mono" "FIRAMONO-NERD-FONT-MONO" "FiraMono Nerd Font Mono" "FIRA MONO NERD FONT MONO" "FiraMono Nerd Font Mono" "FIRA_MONO_NERD_FONT_MONO" "FiraMono Nerd Font Mono" "FIRA-MONO-NERD-FONT-MONO" "FiraMono Nerd Font Mono" "FIRAMONO NERD FONT PROPO" "FiraMono Nerd Font Propo" "FIRAMONONERDFONTPROPO" "FiraMono Nerd Font Propo" "FIRAMONO_NERD_FONT_PROPO" "FiraMono Nerd Font Propo" "FIRAMONO-NERD-FONT-PROPO" "FiraMono Nerd Font Propo" "FIRA MONO NERD FONT PROPO" "FiraMono Nerd Font Propo" "FIRA_MONO_NERD_FONT_PROPO" "FiraMono Nerd Font Propo" "FIRA-MONO-NERD-FONT-PROPO" "FiraMono Nerd Font Propo" "FUTURA" "Futura" "GB18030 BITMAP" "GB18030 Bitmap" "GB18030BITMAP" "GB18030 Bitmap" "GB18030_BITMAP" "GB18030 Bitmap" "GB18030-BITMAP" "GB18030 Bitmap" "GALVJI" "Galvji" "GEEZA PRO" "Geeza Pro" "GEEZAPRO" "Geeza Pro" "GEEZA_PRO" "Geeza Pro" "GEEZA-PRO" "Geeza Pro" "GENRYUMIN JP" "GenRyuMin JP" "GENRYUMINJP" "GenRyuMin JP" "GENRYUMIN_JP" "GenRyuMin JP" "GENRYUMIN-JP" "GenRyuMin JP" "GEN RYU MIN JP" "GenRyuMin JP" "GEN_RYU_MIN_JP" "GenRyuMin JP" "GEN-RYU-MIN-JP" "GenRyuMin JP" "GENRYUMIN TW" "GenRyuMin TW" "GENRYUMINTW" "GenRyuMin TW" "GENRYUMIN_TW" "GenRyuMin TW" "GENRYUMIN-TW" "GenRyuMin TW" "GEN RYU MIN TW" "GenRyuMin TW" "GEN_RYU_MIN_TW" "GenRyuMin TW" "GEN-RYU-MIN-TW" "GenRyuMin TW" "GENEVA" "Geneva" "GEORGIA" "Georgia" "GILL SANS" "Gill Sans" "GILLSANS" "Gill Sans" "GILL_SANS" "Gill Sans" "GILL-SANS" "Gill Sans" "GRANTHA SANGAM MN" "Grantha Sangam MN" "GRANTHASANGAMMN" "Grantha Sangam MN" "GRANTHA_SANGAM_MN" "Grantha Sangam MN" "GRANTHA-SANGAM-MN" "Grantha Sangam MN" "GUJARATI MT" "Gujarati MT" "GUJARATIMT" "Gujarati MT" "GUJARATI_MT" "Gujarati MT" "GUJARATI-MT" "Gujarati MT" "GUJARATI SANGAM MN" "Gujarati Sangam MN" "GUJARATISANGAMMN" "Gujarati Sangam MN" "GUJARATI_SANGAM_MN" "Gujarati Sangam MN" "GUJARATI-SANGAM-MN" "Gujarati Sangam MN" "GUNGSEO" "GungSeo" "GUNG SEO" "GungSeo" "GUNG_SEO" "GungSeo" "GUNG-SEO" "GungSeo" "GURMUKHI MN" "Gurmukhi MN" "GURMUKHIMN" "Gurmukhi MN" "GURMUKHI_MN" "Gurmukhi MN" "GURMUKHI-MN" "Gurmukhi MN" "GURMUKHI MT" "Gurmukhi MT" "GURMUKHIMT" "Gurmukhi MT" "GURMUKHI_MT" "Gurmukhi MT" "GURMUKHI-MT" "Gurmukhi MT" "GURMUKHI SANGAM MN" "Gurmukhi Sangam MN" "GURMUKHISANGAMMN" "Gurmukhi Sangam MN" "GURMUKHI_SANGAM_MN" "Gurmukhi Sangam MN" "GURMUKHI-SANGAM-MN" "Gurmukhi Sangam MN" "HANAMINA" "HanaMinA" "HANA MIN A" "HanaMinA" "HANA_MIN_A" "HanaMinA" "HANA-MIN-A" "HanaMinA" "HANAMINB" "HanaMinB" "HANA MIN B" "HanaMinB" "HANA_MIN_B" "HanaMinB" "HANA-MIN-B" "HanaMinB" "HANNOTATE SC" "Hannotate SC" "HANNOTATESC" "Hannotate SC" "HANNOTATE_SC" "Hannotate SC" "HANNOTATE-SC" "Hannotate SC" "HANNOTATE TC" "Hannotate TC" "HANNOTATETC" "Hannotate TC" "HANNOTATE_TC" "Hannotate TC" "HANNOTATE-TC" "Hannotate TC" "HANZIPEN SC" "HanziPen SC" "HANZIPENSC" "HanziPen SC" "HANZIPEN_SC" "HanziPen SC" "HANZIPEN-SC" "HanziPen SC" "HANZI PEN SC" "HanziPen SC" "HANZI_PEN_SC" "HanziPen SC" "HANZI-PEN-SC" "HanziPen SC" "HANZIPEN TC" "HanziPen TC" "HANZIPENTC" "HanziPen TC" "HANZIPEN_TC" "HanziPen TC" "HANZIPEN-TC" "HanziPen TC" "HANZI PEN TC" "HanziPen TC" "HANZI_PEN_TC" "HanziPen TC" "HANZI-PEN-TC" "HanziPen TC" "HEADLINEA" "HeadLineA" "HEAD LINE A" "HeadLineA" "HEAD_LINE_A" "HeadLineA" "HEAD-LINE-A" "HeadLineA" "HEI" "Hei" "HEITI SC" "Heiti SC" "HEITISC" "Heiti SC" "HEITI_SC" "Heiti SC" "HEITI-SC" "Heiti SC" "HEITI TC" "Heiti TC" "HEITITC" "Heiti TC" "HEITI_TC" "Heiti TC" "HEITI-TC" "Heiti TC" "HELVETICA" "Helvetica" "HELVETICA NEUE" "Helvetica Neue" "HELVETICANEUE" "Helvetica Neue" "HELVETICA_NEUE" "Helvetica Neue" "HELVETICA-NEUE" "Helvetica Neue" "HERCULANUM" "Herculanum" "HIRAGINO MARU GOTHIC PRON" "Hiragino Maru Gothic ProN" "HIRAGINOMARUGOTHICPRON" "Hiragino Maru Gothic ProN" "HIRAGINO_MARU_GOTHIC_PRON" "Hiragino Maru Gothic ProN" "HIRAGINO-MARU-GOTHIC-PRON" "Hiragino Maru Gothic ProN" "HIRAGINO MARU GOTHIC PRO N" "Hiragino Maru Gothic ProN" "HIRAGINO_MARU_GOTHIC_PRO_N" "Hiragino Maru Gothic ProN" "HIRAGINO-MARU-GOTHIC-PRO-N" "Hiragino Maru Gothic ProN" "HIRAGINO MINCHO PRON" "Hiragino Mincho ProN" "HIRAGINOMINCHOPRON" "Hiragino Mincho ProN" "HIRAGINO_MINCHO_PRON" "Hiragino Mincho ProN" "HIRAGINO-MINCHO-PRON" "Hiragino Mincho ProN" "HIRAGINO MINCHO PRO N" "Hiragino Mincho ProN" "HIRAGINO_MINCHO_PRO_N" "Hiragino Mincho ProN" "HIRAGINO-MINCHO-PRO-N" "Hiragino Mincho ProN" "HIRAGINO SANS" "Hiragino Sans" "HIRAGINOSANS" "Hiragino Sans" "HIRAGINO_SANS" "Hiragino Sans" "HIRAGINO-SANS" "Hiragino Sans" "HIRAGINO SANS CNS" "Hiragino Sans CNS" "HIRAGINOSANSCNS" "Hiragino Sans CNS" "HIRAGINO_SANS_CNS" "Hiragino Sans CNS" "HIRAGINO-SANS-CNS" "Hiragino Sans CNS" "HIRAGINO SANS GB" "Hiragino Sans GB" "HIRAGINOSANSGB" "Hiragino Sans GB" "HIRAGINO_SANS_GB" "Hiragino Sans GB" "HIRAGINO-SANS-GB" "Hiragino Sans GB" "HOEFLER TEXT" "Hoefler Text" "HOEFLERTEXT" "Hoefler Text" "HOEFLER_TEXT" "Hoefler Text" "HOEFLER-TEXT" "Hoefler Text" "IBM PLEX MONO" "IBM Plex Mono" "IBMPLEXMONO" "IBM Plex Mono" "IBM_PLEX_MONO" "IBM Plex Mono" "IBM-PLEX-MONO" "IBM Plex Mono" "ITF DEVANAGARI" "ITF Devanagari" "ITFDEVANAGARI" "ITF Devanagari" "ITF_DEVANAGARI" "ITF Devanagari" "ITF-DEVANAGARI" "ITF Devanagari" "ITF DEVANAGARI MARATHI" "ITF Devanagari Marathi" "ITFDEVANAGARIMARATHI" "ITF Devanagari Marathi" "ITF_DEVANAGARI_MARATHI" "ITF Devanagari Marathi" "ITF-DEVANAGARI-MARATHI" "ITF Devanagari Marathi" "IANSUI" "Iansui" "IMPACT" "Impact" "INAIMATHI" "InaiMathi" "INAI MATHI" "InaiMathi" "INAI_MATHI" "InaiMathi" "INAI-MATHI" "InaiMathi" "IOSEVKA AILE" "Iosevka Aile" "IOSEVKAAILE" "Iosevka Aile" "IOSEVKA_AILE" "Iosevka Aile" "IOSEVKA-AILE" "Iosevka Aile" "IOSEVKA COMFY" "Iosevka Comfy" "IOSEVKACOMFY" "Iosevka Comfy" "IOSEVKA_COMFY" "Iosevka Comfy" "IOSEVKA-COMFY" "Iosevka Comfy" "IOSEVKA COMFY DUO" "Iosevka Comfy Duo" "IOSEVKACOMFYDUO" "Iosevka Comfy Duo" "IOSEVKA_COMFY_DUO" "Iosevka Comfy Duo" "IOSEVKA-COMFY-DUO" "Iosevka Comfy Duo" "IOSEVKA COMFY FIXED" "Iosevka Comfy Fixed" "IOSEVKACOMFYFIXED" "Iosevka Comfy Fixed" "IOSEVKA_COMFY_FIXED" "Iosevka Comfy Fixed" "IOSEVKA-COMFY-FIXED" "Iosevka Comfy Fixed" "IOSEVKA COMFY MOTION" "Iosevka Comfy Motion" "IOSEVKACOMFYMOTION" "Iosevka Comfy Motion" "IOSEVKA_COMFY_MOTION" "Iosevka Comfy Motion" "IOSEVKA-COMFY-MOTION" "Iosevka Comfy Motion" "IOSEVKA COMFY MOTION DUO" "Iosevka Comfy Motion Duo" "IOSEVKACOMFYMOTIONDUO" "Iosevka Comfy Motion Duo" "IOSEVKA_COMFY_MOTION_DUO" "Iosevka Comfy Motion Duo" "IOSEVKA-COMFY-MOTION-DUO" "Iosevka Comfy Motion Duo" "IOSEVKA COMFY MOTION FIXED" "Iosevka Comfy Motion Fixed" "IOSEVKACOMFYMOTIONFIXED" "Iosevka Comfy Motion Fixed" "IOSEVKA_COMFY_MOTION_FIXED" "Iosevka Comfy Motion Fixed" "IOSEVKA-COMFY-MOTION-FIXED" "Iosevka Comfy Motion Fixed" "IOSEVKA COMFY WIDE" "Iosevka Comfy Wide" "IOSEVKACOMFYWIDE" "Iosevka Comfy Wide" "IOSEVKA_COMFY_WIDE" "Iosevka Comfy Wide" "IOSEVKA-COMFY-WIDE" "Iosevka Comfy Wide" "IOSEVKA COMFY WIDE DUO" "Iosevka Comfy Wide Duo" "IOSEVKACOMFYWIDEDUO" "Iosevka Comfy Wide Duo" "IOSEVKA_COMFY_WIDE_DUO" "Iosevka Comfy Wide Duo" "IOSEVKA-COMFY-WIDE-DUO" "Iosevka Comfy Wide Duo" "IOSEVKA COMFY WIDE FIXED" "Iosevka Comfy Wide Fixed" "IOSEVKACOMFYWIDEFIXED" "Iosevka Comfy Wide Fixed" "IOSEVKA_COMFY_WIDE_FIXED" "Iosevka Comfy Wide Fixed" "IOSEVKA-COMFY-WIDE-FIXED" "Iosevka Comfy Wide Fixed" "IOSEVKA ETOILE" "Iosevka Etoile" "IOSEVKAETOILE" "Iosevka Etoile" "IOSEVKA_ETOILE" "Iosevka Etoile" "IOSEVKA-ETOILE" "Iosevka Etoile" "JETBRAINS MONO" "JetBrains Mono" "JETBRAINSMONO" "JetBrains Mono" "JETBRAINS_MONO" "JetBrains Mono" "JETBRAINS-MONO" "JetBrains Mono" "JET BRAINS MONO" "JetBrains Mono" "JET_BRAINS_MONO" "JetBrains Mono" "JET-BRAINS-MONO" "JetBrains Mono" "JETBRAINS MONO NL" "JetBrains Mono NL" "JETBRAINSMONONL" "JetBrains Mono NL" "JETBRAINS_MONO_NL" "JetBrains Mono NL" "JETBRAINS-MONO-NL" "JetBrains Mono NL" "JET BRAINS MONO NL" "JetBrains Mono NL" "JET_BRAINS_MONO_NL" "JetBrains Mono NL" "JET-BRAINS-MONO-NL" "JetBrains Mono NL" "JULIAMONO" "JuliaMono" "JULIA MONO" "JuliaMono" "JULIA_MONO" "JuliaMono" "JULIA-MONO" "JuliaMono" "KAI" "Kai" "KAILASA" "Kailasa" "KAITI SC" "Kaiti SC" "KAITISC" "Kaiti SC" "KAITI_SC" "Kaiti SC" "KAITI-SC" "Kaiti SC" "KAITI TC" "Kaiti TC" "KAITITC" "Kaiti TC" "KAITI_TC" "Kaiti TC" "KAITI-TC" "Kaiti TC" "KANNADA MN" "Kannada MN" "KANNADAMN" "Kannada MN" "KANNADA_MN" "Kannada MN" "KANNADA-MN" "Kannada MN" "KANNADA SANGAM MN" "Kannada Sangam MN" "KANNADASANGAMMN" "Kannada Sangam MN" "KANNADA_SANGAM_MN" "Kannada Sangam MN" "KANNADA-SANGAM-MN" "Kannada Sangam MN" "KEFA" "Kefa" "KHMER MN" "Khmer MN" "KHMERMN" "Khmer MN" "KHMER_MN" "Khmer MN" "KHMER-MN" "Khmer MN" "KHMER SANGAM MN" "Khmer Sangam MN" "KHMERSANGAMMN" "Khmer Sangam MN" "KHMER_SANGAM_MN" "Khmer Sangam MN" "KHMER-SANGAM-MN" "Khmer Sangam MN" "KLEE" "Klee" "KLEE ONE" "Klee One" "KLEEONE" "Klee One" "KLEE_ONE" "Klee One" "KLEE-ONE" "Klee One" "KOHINOOR BANGLA" "Kohinoor Bangla" "KOHINOORBANGLA" "Kohinoor Bangla" "KOHINOOR_BANGLA" "Kohinoor Bangla" "KOHINOOR-BANGLA" "Kohinoor Bangla" "KOHINOOR DEVANAGARI" "Kohinoor Devanagari" "KOHINOORDEVANAGARI" "Kohinoor Devanagari" "KOHINOOR_DEVANAGARI" "Kohinoor Devanagari" "KOHINOOR-DEVANAGARI" "Kohinoor Devanagari" "KOHINOOR GUJARATI" "Kohinoor Gujarati" "KOHINOORGUJARATI" "Kohinoor Gujarati" "KOHINOOR_GUJARATI" "Kohinoor Gujarati" "KOHINOOR-GUJARATI" "Kohinoor Gujarati" "KOHINOOR TELUGU" "Kohinoor Telugu" "KOHINOORTELUGU" "Kohinoor Telugu" "KOHINOOR_TELUGU" "Kohinoor Telugu" "KOHINOOR-TELUGU" "Kohinoor Telugu" "KOKONOR" "Kokonor" "KRUNGTHEP" "Krungthep" "KUFISTANDARDGK" "KufiStandardGK" "KUFI STANDARD GK" "KufiStandardGK" "KUFI_STANDARD_GK" "KufiStandardGK" "KUFI-STANDARD-GK" "KufiStandardGK" "LXGW WENKAI" "LXGW WenKai" "LXGWWENKAI" "LXGW WenKai" "LXGW_WENKAI" "LXGW WenKai" "LXGW-WENKAI" "LXGW WenKai" "LXGW WEN KAI" "LXGW WenKai" "LXGW_WEN_KAI" "LXGW WenKai" "LXGW-WEN-KAI" "LXGW WenKai" "LXGW WENKAI MONO" "LXGW WenKai Mono" "LXGWWENKAIMONO" "LXGW WenKai Mono" "LXGW_WENKAI_MONO" "LXGW WenKai Mono" "LXGW-WENKAI-MONO" "LXGW WenKai Mono" "LXGW WEN KAI MONO" "LXGW WenKai Mono" "LXGW_WEN_KAI_MONO" "LXGW WenKai Mono" "LXGW-WEN-KAI-MONO" "LXGW WenKai Mono" "LXGW WENKAI MONO TC" "LXGW WenKai Mono TC" "LXGWWENKAIMONOTC" "LXGW WenKai Mono TC" "LXGW_WENKAI_MONO_TC" "LXGW WenKai Mono TC" "LXGW-WENKAI-MONO-TC" "LXGW WenKai Mono TC" "LXGW WEN KAI MONO TC" "LXGW WenKai Mono TC" "LXGW_WEN_KAI_MONO_TC" "LXGW WenKai Mono TC" "LXGW-WEN-KAI-MONO-TC" "LXGW WenKai Mono TC" "LXGW WENKAI TC" "LXGW WenKai TC" "LXGWWENKAITC" "LXGW WenKai TC" "LXGW_WENKAI_TC" "LXGW WenKai TC" "LXGW-WENKAI-TC" "LXGW WenKai TC" "LXGW WEN KAI TC" "LXGW WenKai TC" "LXGW_WEN_KAI_TC" "LXGW WenKai TC" "LXGW-WEN-KAI-TC" "LXGW WenKai TC" "LANTINGHEI SC" "Lantinghei SC" "LANTINGHEISC" "Lantinghei SC" "LANTINGHEI_SC" "Lantinghei SC" "LANTINGHEI-SC" "Lantinghei SC" "LANTINGHEI TC" "Lantinghei TC" "LANTINGHEITC" "Lantinghei TC" "LANTINGHEI_TC" "Lantinghei TC" "LANTINGHEI-TC" "Lantinghei TC" "LAO MN" "Lao MN" "LAOMN" "Lao MN" "LAO_MN" "Lao MN" "LAO-MN" "Lao MN" "LAO SANGAM MN" "Lao Sangam MN" "LAOSANGAMMN" "Lao Sangam MN" "LAO_SANGAM_MN" "Lao Sangam MN" "LAO-SANGAM-MN" "Lao Sangam MN" "LATIN MODERN MATH" "Latin Modern Math" "LATINMODERNMATH" "Latin Modern Math" "LATIN_MODERN_MATH" "Latin Modern Math" "LATIN-MODERN-MATH" "Latin Modern Math" "LIHEI PRO" "LiHei Pro" "LIHEIPRO" "LiHei Pro" "LIHEI_PRO" "LiHei Pro" "LIHEI-PRO" "LiHei Pro" "LI HEI PRO" "LiHei Pro" "LI_HEI_PRO" "LiHei Pro" "LI-HEI-PRO" "LiHei Pro" "LISONG PRO" "LiSong Pro" "LISONGPRO" "LiSong Pro" "LISONG_PRO" "LiSong Pro" "LISONG-PRO" "LiSong Pro" "LI SONG PRO" "LiSong Pro" "LI_SONG_PRO" "LiSong Pro" "LI-SONG-PRO" "LiSong Pro" "LIBIAN SC" "Libian SC" "LIBIANSC" "Libian SC" "LIBIAN_SC" "Libian SC" "LIBIAN-SC" "Libian SC" "LIBIAN TC" "Libian TC" "LIBIANTC" "Libian TC" "LIBIAN_TC" "Libian TC" "LIBIAN-TC" "Libian TC" "LINGWAI SC" "LingWai SC" "LINGWAISC" "LingWai SC" "LINGWAI_SC" "LingWai SC" "LINGWAI-SC" "LingWai SC" "LING WAI SC" "LingWai SC" "LING_WAI_SC" "LingWai SC" "LING-WAI-SC" "LingWai SC" "LINGWAI TC" "LingWai TC" "LINGWAITC" "LingWai TC" "LINGWAI_TC" "LingWai TC" "LINGWAI-TC" "LingWai TC" "LING WAI TC" "LingWai TC" "LING_WAI_TC" "LingWai TC" "LING-WAI-TC" "LingWai TC" "LUCIDA GRANDE" "Lucida Grande" "LUCIDAGRANDE" "Lucida Grande" "LUCIDA_GRANDE" "Lucida Grande" "LUCIDA-GRANDE" "Lucida Grande" "LUMINARI" "Luminari" "LUXI MONO" "Luxi Mono" "LUXIMONO" "Luxi Mono" "LUXI_MONO" "Luxi Mono" "LUXI-MONO" "Luxi Mono" "MALAYALAM MN" "Malayalam MN" "MALAYALAMMN" "Malayalam MN" "MALAYALAM_MN" "Malayalam MN" "MALAYALAM-MN" "Malayalam MN" "MALAYALAM SANGAM MN" "Malayalam Sangam MN" "MALAYALAMSANGAMMN" "Malayalam Sangam MN" "MALAYALAM_SANGAM_MN" "Malayalam Sangam MN" "MALAYALAM-SANGAM-MN" "Malayalam Sangam MN" "MARKER FELT" "Marker Felt" "MARKERFELT" "Marker Felt" "MARKER_FELT" "Marker Felt" "MARKER-FELT" "Marker Felt" "MENLO" "Menlo" "MICROSOFT SANS SERIF" "Microsoft Sans Serif" "MICROSOFTSANSSERIF" "Microsoft Sans Serif" "MICROSOFT_SANS_SERIF" "Microsoft Sans Serif" "MICROSOFT-SANS-SERIF" "Microsoft Sans Serif" "MISHAFI" "Mishafi" "MISHAFI GOLD" "Mishafi Gold" "MISHAFIGOLD" "Mishafi Gold" "MISHAFI_GOLD" "Mishafi Gold" "MISHAFI-GOLD" "Mishafi Gold" "MONACO" "Monaco" "MSHTAKAN" "Mshtakan" "MUKTA MAHEE" "Mukta Mahee" "MUKTAMAHEE" "Mukta Mahee" "MUKTA_MAHEE" "Mukta Mahee" "MUKTA-MAHEE" "Mukta Mahee" "MUNA" "Muna" "MYANMAR MN" "Myanmar MN" "MYANMARMN" "Myanmar MN" "MYANMAR_MN" "Myanmar MN" "MYANMAR-MN" "Myanmar MN" "MYANMAR SANGAM MN" "Myanmar Sangam MN" "MYANMARSANGAMMN" "Myanmar Sangam MN" "MYANMAR_SANGAM_MN" "Myanmar Sangam MN" "MYANMAR-SANGAM-MN" "Myanmar Sangam MN" "NADEEM" "Nadeem" "NANUM BRUSH SCRIPT" "Nanum Brush Script" "NANUMBRUSHSCRIPT" "Nanum Brush Script" "NANUM_BRUSH_SCRIPT" "Nanum Brush Script" "NANUM-BRUSH-SCRIPT" "Nanum Brush Script" "NANUM GOTHIC" "Nanum Gothic" "NANUMGOTHIC" "Nanum Gothic" "NANUM_GOTHIC" "Nanum Gothic" "NANUM-GOTHIC" "Nanum Gothic" "NANUM MYEONGJO" "Nanum Myeongjo" "NANUMMYEONGJO" "Nanum Myeongjo" "NANUM_MYEONGJO" "Nanum Myeongjo" "NANUM-MYEONGJO" "Nanum Myeongjo" "NANUM PEN SCRIPT" "Nanum Pen Script" "NANUMPENSCRIPT" "Nanum Pen Script" "NANUM_PEN_SCRIPT" "Nanum Pen Script" "NANUM-PEN-SCRIPT" "Nanum Pen Script" "NEW PENINIM MT" "New Peninim MT" "NEWPENINIMMT" "New Peninim MT" "NEW_PENINIM_MT" "New Peninim MT" "NEW-PENINIM-MT" "New Peninim MT" "NOTEWORTHY" "Noteworthy" "NOTO EMOJI" "Noto Emoji" "NOTOEMOJI" "Noto Emoji" "NOTO_EMOJI" "Noto Emoji" "NOTO-EMOJI" "Noto Emoji" "NOTO NASTALIQ URDU" "Noto Nastaliq Urdu" "NOTONASTALIQURDU" "Noto Nastaliq Urdu" "NOTO_NASTALIQ_URDU" "Noto Nastaliq Urdu" "NOTO-NASTALIQ-URDU" "Noto Nastaliq Urdu" "NOTO SANS ADLAM" "Noto Sans Adlam" "NOTOSANSADLAM" "Noto Sans Adlam" "NOTO_SANS_ADLAM" "Noto Sans Adlam" "NOTO-SANS-ADLAM" "Noto Sans Adlam" "NOTO SANS BALINESE" "Noto Sans Balinese" "NOTOSANSBALINESE" "Noto Sans Balinese" "NOTO_SANS_BALINESE" "Noto Sans Balinese" "NOTO-SANS-BALINESE" "Noto Sans Balinese" "NOTO SANS BATAK" "Noto Sans Batak" "NOTOSANSBATAK" "Noto Sans Batak" "NOTO_SANS_BATAK" "Noto Sans Batak" "NOTO-SANS-BATAK" "Noto Sans Batak" "NOTO SANS BRAHMI" "Noto Sans Brahmi" "NOTOSANSBRAHMI" "Noto Sans Brahmi" "NOTO_SANS_BRAHMI" "Noto Sans Brahmi" "NOTO-SANS-BRAHMI" "Noto Sans Brahmi" "NOTO SANS BUGINESE" "Noto Sans Buginese" "NOTOSANSBUGINESE" "Noto Sans Buginese" "NOTO_SANS_BUGINESE" "Noto Sans Buginese" "NOTO-SANS-BUGINESE" "Noto Sans Buginese" "NOTO SANS CJK JP" "Noto Sans CJK JP" "NOTOSANSCJKJP" "Noto Sans CJK JP" "NOTO_SANS_CJK_JP" "Noto Sans CJK JP" "NOTO-SANS-CJK-JP" "Noto Sans CJK JP" "NOTO SANS CJK KR" "Noto Sans CJK KR" "NOTOSANSCJKKR" "Noto Sans CJK KR" "NOTO_SANS_CJK_KR" "Noto Sans CJK KR" "NOTO-SANS-CJK-KR" "Noto Sans CJK KR" "NOTO SANS CJK SC" "Noto Sans CJK SC" "NOTOSANSCJKSC" "Noto Sans CJK SC" "NOTO_SANS_CJK_SC" "Noto Sans CJK SC" "NOTO-SANS-CJK-SC" "Noto Sans CJK SC" "NOTO SANS CJK TC" "Noto Sans CJK TC" "NOTOSANSCJKTC" "Noto Sans CJK TC" "NOTO_SANS_CJK_TC" "Noto Sans CJK TC" "NOTO-SANS-CJK-TC" "Noto Sans CJK TC" "NOTO SANS CHAM" "Noto Sans Cham" "NOTOSANSCHAM" "Noto Sans Cham" "NOTO_SANS_CHAM" "Noto Sans Cham" "NOTO-SANS-CHAM" "Noto Sans Cham" "NOTO SANS COPTIC" "Noto Sans Coptic" "NOTOSANSCOPTIC" "Noto Sans Coptic" "NOTO_SANS_COPTIC" "Noto Sans Coptic" "NOTO-SANS-COPTIC" "Noto Sans Coptic" "NOTO SANS EGYPTIAN HIEROGLYPHS" "Noto Sans Egyptian Hieroglyphs" "NOTOSANSEGYPTIANHIEROGLYPHS" "Noto Sans Egyptian Hieroglyphs" "NOTO_SANS_EGYPTIAN_HIEROGLYPHS" "Noto Sans Egyptian Hieroglyphs" "NOTO-SANS-EGYPTIAN-HIEROGLYPHS" "Noto Sans Egyptian Hieroglyphs" "NOTO SANS GOTHIC" "Noto Sans Gothic" "NOTOSANSGOTHIC" "Noto Sans Gothic" "NOTO_SANS_GOTHIC" "Noto Sans Gothic" "NOTO-SANS-GOTHIC" "Noto Sans Gothic" "NOTO SANS HANIFI ROHINGYA" "Noto Sans Hanifi Rohingya" "NOTOSANSHANIFIROHINGYA" "Noto Sans Hanifi Rohingya" "NOTO_SANS_HANIFI_ROHINGYA" "Noto Sans Hanifi Rohingya" "NOTO-SANS-HANIFI-ROHINGYA" "Noto Sans Hanifi Rohingya" "NOTO SANS HANUNOO" "Noto Sans Hanunoo" "NOTOSANSHANUNOO" "Noto Sans Hanunoo" "NOTO_SANS_HANUNOO" "Noto Sans Hanunoo" "NOTO-SANS-HANUNOO" "Noto Sans Hanunoo" "NOTO SANS JAVANESE" "Noto Sans Javanese" "NOTOSANSJAVANESE" "Noto Sans Javanese" "NOTO_SANS_JAVANESE" "Noto Sans Javanese" "NOTO-SANS-JAVANESE" "Noto Sans Javanese" "NOTO SANS KAITHI" "Noto Sans Kaithi" "NOTOSANSKAITHI" "Noto Sans Kaithi" "NOTO_SANS_KAITHI" "Noto Sans Kaithi" "NOTO-SANS-KAITHI" "Noto Sans Kaithi" "NOTO SANS KANNADA" "Noto Sans Kannada" "NOTOSANSKANNADA" "Noto Sans Kannada" "NOTO_SANS_KANNADA" "Noto Sans Kannada" "NOTO-SANS-KANNADA" "Noto Sans Kannada" "NOTO SANS KHAROSHTHI" "Noto Sans Kharoshthi" "NOTOSANSKHAROSHTHI" "Noto Sans Kharoshthi" "NOTO_SANS_KHAROSHTHI" "Noto Sans Kharoshthi" "NOTO-SANS-KHAROSHTHI" "Noto Sans Kharoshthi" "NOTO SANS LEPCHA" "Noto Sans Lepcha" "NOTOSANSLEPCHA" "Noto Sans Lepcha" "NOTO_SANS_LEPCHA" "Noto Sans Lepcha" "NOTO-SANS-LEPCHA" "Noto Sans Lepcha" "NOTO SANS LIMBU" "Noto Sans Limbu" "NOTOSANSLIMBU" "Noto Sans Limbu" "NOTO_SANS_LIMBU" "Noto Sans Limbu" "NOTO-SANS-LIMBU" "Noto Sans Limbu" "NOTO SANS MEETEI MAYEK" "Noto Sans Meetei Mayek" "NOTOSANSMEETEIMAYEK" "Noto Sans Meetei Mayek" "NOTO_SANS_MEETEI_MAYEK" "Noto Sans Meetei Mayek" "NOTO-SANS-MEETEI-MAYEK" "Noto Sans Meetei Mayek" "NOTO SANS MENDE KIKAKUI" "Noto Sans Mende Kikakui" "NOTOSANSMENDEKIKAKUI" "Noto Sans Mende Kikakui" "NOTO_SANS_MENDE_KIKAKUI" "Noto Sans Mende Kikakui" "NOTO-SANS-MENDE-KIKAKUI" "Noto Sans Mende Kikakui" "NOTO SANS MODI" "Noto Sans Modi" "NOTOSANSMODI" "Noto Sans Modi" "NOTO_SANS_MODI" "Noto Sans Modi" "NOTO-SANS-MODI" "Noto Sans Modi" "NOTO SANS MONO CJK JP" "Noto Sans Mono CJK JP" "NOTOSANSMONOCJKJP" "Noto Sans Mono CJK JP" "NOTO_SANS_MONO_CJK_JP" "Noto Sans Mono CJK JP" "NOTO-SANS-MONO-CJK-JP" "Noto Sans Mono CJK JP" "NOTO SANS MONO CJK KR" "Noto Sans Mono CJK KR" "NOTOSANSMONOCJKKR" "Noto Sans Mono CJK KR" "NOTO_SANS_MONO_CJK_KR" "Noto Sans Mono CJK KR" "NOTO-SANS-MONO-CJK-KR" "Noto Sans Mono CJK KR" "NOTO SANS MONO CJK SC" "Noto Sans Mono CJK SC" "NOTOSANSMONOCJKSC" "Noto Sans Mono CJK SC" "NOTO_SANS_MONO_CJK_SC" "Noto Sans Mono CJK SC" "NOTO-SANS-MONO-CJK-SC" "Noto Sans Mono CJK SC" "NOTO SANS MONO CJK TC" "Noto Sans Mono CJK TC" "NOTOSANSMONOCJKTC" "Noto Sans Mono CJK TC" "NOTO_SANS_MONO_CJK_TC" "Noto Sans Mono CJK TC" "NOTO-SANS-MONO-CJK-TC" "Noto Sans Mono CJK TC" "NOTO SANS MYANMAR" "Noto Sans Myanmar" "NOTOSANSMYANMAR" "Noto Sans Myanmar" "NOTO_SANS_MYANMAR" "Noto Sans Myanmar" "NOTO-SANS-MYANMAR" "Noto Sans Myanmar" "NOTO SANS ORIYA" "Noto Sans Oriya" "NOTOSANSORIYA" "Noto Sans Oriya" "NOTO_SANS_ORIYA" "Noto Sans Oriya" "NOTO-SANS-ORIYA" "Noto Sans Oriya" "NOTO SANS REJANG" "Noto Sans Rejang" "NOTOSANSREJANG" "Noto Sans Rejang" "NOTO_SANS_REJANG" "Noto Sans Rejang" "NOTO-SANS-REJANG" "Noto Sans Rejang" "NOTO SANS SHARADA" "Noto Sans Sharada" "NOTOSANSSHARADA" "Noto Sans Sharada" "NOTO_SANS_SHARADA" "Noto Sans Sharada" "NOTO-SANS-SHARADA" "Noto Sans Sharada" "NOTO SANS SIDDHAM" "Noto Sans Siddham" "NOTOSANSSIDDHAM" "Noto Sans Siddham" "NOTO_SANS_SIDDHAM" "Noto Sans Siddham" "NOTO-SANS-SIDDHAM" "Noto Sans Siddham" "NOTO SANS SUNDANESE" "Noto Sans Sundanese" "NOTOSANSSUNDANESE" "Noto Sans Sundanese" "NOTO_SANS_SUNDANESE" "Noto Sans Sundanese" "NOTO-SANS-SUNDANESE" "Noto Sans Sundanese" "NOTO SANS SYLOTI NAGRI" "Noto Sans Syloti Nagri" "NOTOSANSSYLOTINAGRI" "Noto Sans Syloti Nagri" "NOTO_SANS_SYLOTI_NAGRI" "Noto Sans Syloti Nagri" "NOTO-SANS-SYLOTI-NAGRI" "Noto Sans Syloti Nagri" "NOTO SANS SYMBOLS" "Noto Sans Symbols" "NOTOSANSSYMBOLS" "Noto Sans Symbols" "NOTO_SANS_SYMBOLS" "Noto Sans Symbols" "NOTO-SANS-SYMBOLS" "Noto Sans Symbols" "NOTO SANS SYMBOLS 2" "Noto Sans Symbols 2" "NOTOSANSSYMBOLS2" "Noto Sans Symbols 2" "NOTO_SANS_SYMBOLS_2" "Noto Sans Symbols 2" "NOTO-SANS-SYMBOLS-2" "Noto Sans Symbols 2" "NOTO SANS TAGALOG" "Noto Sans Tagalog" "NOTOSANSTAGALOG" "Noto Sans Tagalog" "NOTO_SANS_TAGALOG" "Noto Sans Tagalog" "NOTO-SANS-TAGALOG" "Noto Sans Tagalog" "NOTO SANS TAGBANWA" "Noto Sans Tagbanwa" "NOTOSANSTAGBANWA" "Noto Sans Tagbanwa" "NOTO_SANS_TAGBANWA" "Noto Sans Tagbanwa" "NOTO-SANS-TAGBANWA" "Noto Sans Tagbanwa" "NOTO SANS TAI THAM" "Noto Sans Tai Tham" "NOTOSANSTAITHAM" "Noto Sans Tai Tham" "NOTO_SANS_TAI_THAM" "Noto Sans Tai Tham" "NOTO-SANS-TAI-THAM" "Noto Sans Tai Tham" "NOTO SANS TAI VIET" "Noto Sans Tai Viet" "NOTOSANSTAIVIET" "Noto Sans Tai Viet" "NOTO_SANS_TAI_VIET" "Noto Sans Tai Viet" "NOTO-SANS-TAI-VIET" "Noto Sans Tai Viet" "NOTO SANS THAI" "Noto Sans Thai" "NOTOSANSTHAI" "Noto Sans Thai" "NOTO_SANS_THAI" "Noto Sans Thai" "NOTO-SANS-THAI" "Noto Sans Thai" "NOTO SANS THAI UI" "Noto Sans Thai UI" "NOTOSANSTHAIUI" "Noto Sans Thai UI" "NOTO_SANS_THAI_UI" "Noto Sans Thai UI" "NOTO-SANS-THAI-UI" "Noto Sans Thai UI" "NOTO SANS TIBETAN" "Noto Sans Tibetan" "NOTOSANSTIBETAN" "Noto Sans Tibetan" "NOTO_SANS_TIBETAN" "Noto Sans Tibetan" "NOTO-SANS-TIBETAN" "Noto Sans Tibetan" "NOTO SANS TIRHUTA" "Noto Sans Tirhuta" "NOTOSANSTIRHUTA" "Noto Sans Tirhuta" "NOTO_SANS_TIRHUTA" "Noto Sans Tirhuta" "NOTO-SANS-TIRHUTA" "Noto Sans Tirhuta" "NOTO SANS WANCHO" "Noto Sans Wancho" "NOTOSANSWANCHO" "Noto Sans Wancho" "NOTO_SANS_WANCHO" "Noto Sans Wancho" "NOTO-SANS-WANCHO" "Noto Sans Wancho" "NOTO SERIF MAKASAR" "Noto Serif Makasar" "NOTOSERIFMAKASAR" "Noto Serif Makasar" "NOTO_SERIF_MAKASAR" "Noto Serif Makasar" "NOTO-SERIF-MAKASAR" "Noto Serif Makasar" "NOTO SERIF MYANMAR" "Noto Serif Myanmar" "NOTOSERIFMYANMAR" "Noto Serif Myanmar" "NOTO_SERIF_MYANMAR" "Noto Serif Myanmar" "NOTO-SERIF-MYANMAR" "Noto Serif Myanmar" "NOTO SERIF TIBETAN" "Noto Serif Tibetan" "NOTOSERIFTIBETAN" "Noto Serif Tibetan" "NOTO_SERIF_TIBETAN" "Noto Serif Tibetan" "NOTO-SERIF-TIBETAN" "Noto Serif Tibetan" "OPTIMA" "Optima" "ORIYA MN" "Oriya MN" "ORIYAMN" "Oriya MN" "ORIYA_MN" "Oriya MN" "ORIYA-MN" "Oriya MN" "ORIYA SANGAM MN" "Oriya Sangam MN" "ORIYASANGAMMN" "Oriya Sangam MN" "ORIYA_SANGAM_MN" "Oriya Sangam MN" "ORIYA-SANGAM-MN" "Oriya Sangam MN" "OSAKA" "Osaka" "PCMYUNGJO" "PCMyungjo" "PSL ORNANONG PRO" "PSL Ornanong Pro" "PSLORNANONGPRO" "PSL Ornanong Pro" "PSL_ORNANONG_PRO" "PSL Ornanong Pro" "PSL-ORNANONG-PRO" "PSL Ornanong Pro" "PT MONO" "PT Mono" "PTMONO" "PT Mono" "PT_MONO" "PT Mono" "PT-MONO" "PT Mono" "PT SANS" "PT Sans" "PTSANS" "PT Sans" "PT_SANS" "PT Sans" "PT-SANS" "PT Sans" "PT SANS CAPTION" "PT Sans Caption" "PTSANSCAPTION" "PT Sans Caption" "PT_SANS_CAPTION" "PT Sans Caption" "PT-SANS-CAPTION" "PT Sans Caption" "PT SANS NARROW" "PT Sans Narrow" "PTSANSNARROW" "PT Sans Narrow" "PT_SANS_NARROW" "PT Sans Narrow" "PT-SANS-NARROW" "PT Sans Narrow" "PT SERIF" "PT Serif" "PTSERIF" "PT Serif" "PT_SERIF" "PT Serif" "PT-SERIF" "PT Serif" "PT SERIF CAPTION" "PT Serif Caption" "PTSERIFCAPTION" "PT Serif Caption" "PT_SERIF_CAPTION" "PT Serif Caption" "PT-SERIF-CAPTION" "PT Serif Caption" "PALATINO" "Palatino" "PAPYRUS" "Papyrus" "PARTY LET" "Party LET" "PARTYLET" "Party LET" "PARTY_LET" "Party LET" "PARTY-LET" "Party LET" "PHOSPHATE" "Phosphate" "PILGI" "PilGi" "PIL GI" "PilGi" "PIL_GI" "PilGi" "PIL-GI" "PilGi" "PINGFANG HK" "PingFang HK" "PINGFANGHK" "PingFang HK" "PINGFANG_HK" "PingFang HK" "PINGFANG-HK" "PingFang HK" "PING FANG HK" "PingFang HK" "PING_FANG_HK" "PingFang HK" "PING-FANG-HK" "PingFang HK" "PINGFANG SC" "PingFang SC" "PINGFANGSC" "PingFang SC" "PINGFANG_SC" "PingFang SC" "PINGFANG-SC" "PingFang SC" "PING FANG SC" "PingFang SC" "PING_FANG_SC" "PingFang SC" "PING-FANG-SC" "PingFang SC" "PINGFANG TC" "PingFang TC" "PINGFANGTC" "PingFang TC" "PINGFANG_TC" "PingFang TC" "PINGFANG-TC" "PingFang TC" "PING FANG TC" "PingFang TC" "PING_FANG_TC" "PingFang TC" "PING-FANG-TC" "PingFang TC" "PLANTAGENET CHEROKEE" "Plantagenet Cherokee" "PLANTAGENETCHEROKEE" "Plantagenet Cherokee" "PLANTAGENET_CHEROKEE" "Plantagenet Cherokee" "PLANTAGENET-CHEROKEE" "Plantagenet Cherokee" "RAANANA" "Raanana" "ROBOTO" "Roboto" "ROBOTO MONO" "Roboto Mono" "ROBOTOMONO" "Roboto Mono" "ROBOTO_MONO" "Roboto Mono" "ROBOTO-MONO" "Roboto Mono" "ROCKWELL" "Rockwell" "RUBIK" "Rubik" "SF COMPACT" "SF Compact" "SFCOMPACT" "SF Compact" "SF_COMPACT" "SF Compact" "SF-COMPACT" "SF Compact" "SF COMPACT DISPLAY" "SF Compact Display" "SFCOMPACTDISPLAY" "SF Compact Display" "SF_COMPACT_DISPLAY" "SF Compact Display" "SF-COMPACT-DISPLAY" "SF Compact Display" "SF COMPACT ROUNDED" "SF Compact Rounded" "SFCOMPACTROUNDED" "SF Compact Rounded" "SF_COMPACT_ROUNDED" "SF Compact Rounded" "SF-COMPACT-ROUNDED" "SF Compact Rounded" "SF COMPACT TEXT" "SF Compact Text" "SFCOMPACTTEXT" "SF Compact Text" "SF_COMPACT_TEXT" "SF Compact Text" "SF-COMPACT-TEXT" "SF Compact Text" "SF MONO" "SF Mono" "SFMONO" "SF Mono" "SF_MONO" "SF Mono" "SF-MONO" "SF Mono" "SF PRO" "SF Pro" "SFPRO" "SF Pro" "SF_PRO" "SF Pro" "SF-PRO" "SF Pro" "SF PRO DISPLAY" "SF Pro Display" "SFPRODISPLAY" "SF Pro Display" "SF_PRO_DISPLAY" "SF Pro Display" "SF-PRO-DISPLAY" "SF Pro Display" "SF PRO ROUNDED" "SF Pro Rounded" "SFPROROUNDED" "SF Pro Rounded" "SF_PRO_ROUNDED" "SF Pro Rounded" "SF-PRO-ROUNDED" "SF Pro Rounded" "SF PRO TEXT" "SF Pro Text" "SFPROTEXT" "SF Pro Text" "SF_PRO_TEXT" "SF Pro Text" "SF-PRO-TEXT" "SF Pro Text" "STFANGSONG" "STFangsong" "STHEITI" "STHeiti" "STIXGENERAL" "STIXGeneral" "STIXINTEGRALSD" "STIXIntegralsD" "STIXINTEGRALS D" "STIXIntegralsD" "STIXINTEGRALS_D" "STIXIntegralsD" "STIXINTEGRALS-D" "STIXIntegralsD" "STIXINTEGRALSSM" "STIXIntegralsSm" "STIXINTEGRALS SM" "STIXIntegralsSm" "STIXINTEGRALS_SM" "STIXIntegralsSm" "STIXINTEGRALS-SM" "STIXIntegralsSm" "STIXINTEGRALSUP" "STIXIntegralsUp" "STIXINTEGRALS UP" "STIXIntegralsUp" "STIXINTEGRALS_UP" "STIXIntegralsUp" "STIXINTEGRALS-UP" "STIXIntegralsUp" "STIXINTEGRALSUPD" "STIXIntegralsUpD" "STIXINTEGRALS UP D" "STIXIntegralsUpD" "STIXINTEGRALS_UP_D" "STIXIntegralsUpD" "STIXINTEGRALS-UP-D" "STIXIntegralsUpD" "STIXINTEGRALSUPSM" "STIXIntegralsUpSm" "STIXINTEGRALS UP SM" "STIXIntegralsUpSm" "STIXINTEGRALS_UP_SM" "STIXIntegralsUpSm" "STIXINTEGRALS-UP-SM" "STIXIntegralsUpSm" "STIXNONUNICODE" "STIXNonUnicode" "STIXNON UNICODE" "STIXNonUnicode" "STIXNON_UNICODE" "STIXNonUnicode" "STIXNON-UNICODE" "STIXNonUnicode" "STIXSIZEFIVESYM" "STIXSizeFiveSym" "STIXSIZE FIVE SYM" "STIXSizeFiveSym" "STIXSIZE_FIVE_SYM" "STIXSizeFiveSym" "STIXSIZE-FIVE-SYM" "STIXSizeFiveSym" "STIXSIZEFOURSYM" "STIXSizeFourSym" "STIXSIZE FOUR SYM" "STIXSizeFourSym" "STIXSIZE_FOUR_SYM" "STIXSizeFourSym" "STIXSIZE-FOUR-SYM" "STIXSizeFourSym" "STIXSIZEONESYM" "STIXSizeOneSym" "STIXSIZE ONE SYM" "STIXSizeOneSym" "STIXSIZE_ONE_SYM" "STIXSizeOneSym" "STIXSIZE-ONE-SYM" "STIXSizeOneSym" "STIXSIZETHREESYM" "STIXSizeThreeSym" "STIXSIZE THREE SYM" "STIXSizeThreeSym" "STIXSIZE_THREE_SYM" "STIXSizeThreeSym" "STIXSIZE-THREE-SYM" "STIXSizeThreeSym" "STIXSIZETWOSYM" "STIXSizeTwoSym" "STIXSIZE TWO SYM" "STIXSizeTwoSym" "STIXSIZE_TWO_SYM" "STIXSizeTwoSym" "STIXSIZE-TWO-SYM" "STIXSizeTwoSym" "STIXVARIANTS" "STIXVariants" "STKAITI" "STKaiti" "STSONG" "STSong" "STZHONGSONG" "STZhongsong" "SANA" "Sana" "SARASA FIXED CL" "Sarasa Fixed CL" "SARASAFIXEDCL" "Sarasa Fixed CL" "SARASA_FIXED_CL" "Sarasa Fixed CL" "SARASA-FIXED-CL" "Sarasa Fixed CL" "SARASA FIXED HC" "Sarasa Fixed HC" "SARASAFIXEDHC" "Sarasa Fixed HC" "SARASA_FIXED_HC" "Sarasa Fixed HC" "SARASA-FIXED-HC" "Sarasa Fixed HC" "SARASA FIXED J" "Sarasa Fixed J" "SARASAFIXEDJ" "Sarasa Fixed J" "SARASA_FIXED_J" "Sarasa Fixed J" "SARASA-FIXED-J" "Sarasa Fixed J" "SARASA FIXED K" "Sarasa Fixed K" "SARASAFIXEDK" "Sarasa Fixed K" "SARASA_FIXED_K" "Sarasa Fixed K" "SARASA-FIXED-K" "Sarasa Fixed K" "SARASA FIXED SC" "Sarasa Fixed SC" "SARASAFIXEDSC" "Sarasa Fixed SC" "SARASA_FIXED_SC" "Sarasa Fixed SC" "SARASA-FIXED-SC" "Sarasa Fixed SC" "SARASA FIXED SLAB CL" "Sarasa Fixed Slab CL" "SARASAFIXEDSLABCL" "Sarasa Fixed Slab CL" "SARASA_FIXED_SLAB_CL" "Sarasa Fixed Slab CL" "SARASA-FIXED-SLAB-CL" "Sarasa Fixed Slab CL" "SARASA FIXED SLAB HC" "Sarasa Fixed Slab HC" "SARASAFIXEDSLABHC" "Sarasa Fixed Slab HC" "SARASA_FIXED_SLAB_HC" "Sarasa Fixed Slab HC" "SARASA-FIXED-SLAB-HC" "Sarasa Fixed Slab HC" "SARASA FIXED SLAB J" "Sarasa Fixed Slab J" "SARASAFIXEDSLABJ" "Sarasa Fixed Slab J" "SARASA_FIXED_SLAB_J" "Sarasa Fixed Slab J" "SARASA-FIXED-SLAB-J" "Sarasa Fixed Slab J" "SARASA FIXED SLAB K" "Sarasa Fixed Slab K" "SARASAFIXEDSLABK" "Sarasa Fixed Slab K" "SARASA_FIXED_SLAB_K" "Sarasa Fixed Slab K" "SARASA-FIXED-SLAB-K" "Sarasa Fixed Slab K" "SARASA FIXED SLAB SC" "Sarasa Fixed Slab SC" "SARASAFIXEDSLABSC" "Sarasa Fixed Slab SC" "SARASA_FIXED_SLAB_SC" "Sarasa Fixed Slab SC" "SARASA-FIXED-SLAB-SC" "Sarasa Fixed Slab SC" "SARASA FIXED SLAB TC" "Sarasa Fixed Slab TC" "SARASAFIXEDSLABTC" "Sarasa Fixed Slab TC" "SARASA_FIXED_SLAB_TC" "Sarasa Fixed Slab TC" "SARASA-FIXED-SLAB-TC" "Sarasa Fixed Slab TC" "SARASA FIXED TC" "Sarasa Fixed TC" "SARASAFIXEDTC" "Sarasa Fixed TC" "SARASA_FIXED_TC" "Sarasa Fixed TC" "SARASA-FIXED-TC" "Sarasa Fixed TC" "SARASA GOTHIC CL" "Sarasa Gothic CL" "SARASAGOTHICCL" "Sarasa Gothic CL" "SARASA_GOTHIC_CL" "Sarasa Gothic CL" "SARASA-GOTHIC-CL" "Sarasa Gothic CL" "SARASA GOTHIC HC" "Sarasa Gothic HC" "SARASAGOTHICHC" "Sarasa Gothic HC" "SARASA_GOTHIC_HC" "Sarasa Gothic HC" "SARASA-GOTHIC-HC" "Sarasa Gothic HC" "SARASA GOTHIC J" "Sarasa Gothic J" "SARASAGOTHICJ" "Sarasa Gothic J" "SARASA_GOTHIC_J" "Sarasa Gothic J" "SARASA-GOTHIC-J" "Sarasa Gothic J" "SARASA GOTHIC K" "Sarasa Gothic K" "SARASAGOTHICK" "Sarasa Gothic K" "SARASA_GOTHIC_K" "Sarasa Gothic K" "SARASA-GOTHIC-K" "Sarasa Gothic K" "SARASA GOTHIC SC" "Sarasa Gothic SC" "SARASAGOTHICSC" "Sarasa Gothic SC" "SARASA_GOTHIC_SC" "Sarasa Gothic SC" "SARASA-GOTHIC-SC" "Sarasa Gothic SC" "SARASA GOTHIC TC" "Sarasa Gothic TC" "SARASAGOTHICTC" "Sarasa Gothic TC" "SARASA_GOTHIC_TC" "Sarasa Gothic TC" "SARASA-GOTHIC-TC" "Sarasa Gothic TC" "SARASA MONO CL" "Sarasa Mono CL" "SARASAMONOCL" "Sarasa Mono CL" "SARASA_MONO_CL" "Sarasa Mono CL" "SARASA-MONO-CL" "Sarasa Mono CL" "SARASA MONO HC" "Sarasa Mono HC" "SARASAMONOHC" "Sarasa Mono HC" "SARASA_MONO_HC" "Sarasa Mono HC" "SARASA-MONO-HC" "Sarasa Mono HC" "SARASA MONO J" "Sarasa Mono J" "SARASAMONOJ" "Sarasa Mono J" "SARASA_MONO_J" "Sarasa Mono J" "SARASA-MONO-J" "Sarasa Mono J" "SARASA MONO K" "Sarasa Mono K" "SARASAMONOK" "Sarasa Mono K" "SARASA_MONO_K" "Sarasa Mono K" "SARASA-MONO-K" "Sarasa Mono K" "SARASA MONO SC" "Sarasa Mono SC" "SARASAMONOSC" "Sarasa Mono SC" "SARASA_MONO_SC" "Sarasa Mono SC" "SARASA-MONO-SC" "Sarasa Mono SC" "SARASA MONO SLAB CL" "Sarasa Mono Slab CL" "SARASAMONOSLABCL" "Sarasa Mono Slab CL" "SARASA_MONO_SLAB_CL" "Sarasa Mono Slab CL" "SARASA-MONO-SLAB-CL" "Sarasa Mono Slab CL" "SARASA MONO SLAB HC" "Sarasa Mono Slab HC" "SARASAMONOSLABHC" "Sarasa Mono Slab HC" "SARASA_MONO_SLAB_HC" "Sarasa Mono Slab HC" "SARASA-MONO-SLAB-HC" "Sarasa Mono Slab HC" "SARASA MONO SLAB J" "Sarasa Mono Slab J" "SARASAMONOSLABJ" "Sarasa Mono Slab J" "SARASA_MONO_SLAB_J" "Sarasa Mono Slab J" "SARASA-MONO-SLAB-J" "Sarasa Mono Slab J" "SARASA MONO SLAB K" "Sarasa Mono Slab K" "SARASAMONOSLABK" "Sarasa Mono Slab K" "SARASA_MONO_SLAB_K" "Sarasa Mono Slab K" "SARASA-MONO-SLAB-K" "Sarasa Mono Slab K" "SARASA MONO SLAB SC" "Sarasa Mono Slab SC" "SARASAMONOSLABSC" "Sarasa Mono Slab SC" "SARASA_MONO_SLAB_SC" "Sarasa Mono Slab SC" "SARASA-MONO-SLAB-SC" "Sarasa Mono Slab SC" "SARASA MONO SLAB TC" "Sarasa Mono Slab TC" "SARASAMONOSLABTC" "Sarasa Mono Slab TC" "SARASA_MONO_SLAB_TC" "Sarasa Mono Slab TC" "SARASA-MONO-SLAB-TC" "Sarasa Mono Slab TC" "SARASA MONO TC" "Sarasa Mono TC" "SARASAMONOTC" "Sarasa Mono TC" "SARASA_MONO_TC" "Sarasa Mono TC" "SARASA-MONO-TC" "Sarasa Mono TC" "SARASA TERM CL" "Sarasa Term CL" "SARASATERMCL" "Sarasa Term CL" "SARASA_TERM_CL" "Sarasa Term CL" "SARASA-TERM-CL" "Sarasa Term CL" "SARASA TERM HC" "Sarasa Term HC" "SARASATERMHC" "Sarasa Term HC" "SARASA_TERM_HC" "Sarasa Term HC" "SARASA-TERM-HC" "Sarasa Term HC" "SARASA TERM J" "Sarasa Term J" "SARASATERMJ" "Sarasa Term J" "SARASA_TERM_J" "Sarasa Term J" "SARASA-TERM-J" "Sarasa Term J" "SARASA TERM K" "Sarasa Term K" "SARASATERMK" "Sarasa Term K" "SARASA_TERM_K" "Sarasa Term K" "SARASA-TERM-K" "Sarasa Term K" "SARASA TERM SC" "Sarasa Term SC" "SARASATERMSC" "Sarasa Term SC" "SARASA_TERM_SC" "Sarasa Term SC" "SARASA-TERM-SC" "Sarasa Term SC" "SARASA TERM SLAB CL" "Sarasa Term Slab CL" "SARASATERMSLABCL" "Sarasa Term Slab CL" "SARASA_TERM_SLAB_CL" "Sarasa Term Slab CL" "SARASA-TERM-SLAB-CL" "Sarasa Term Slab CL" "SARASA TERM SLAB HC" "Sarasa Term Slab HC" "SARASATERMSLABHC" "Sarasa Term Slab HC" "SARASA_TERM_SLAB_HC" "Sarasa Term Slab HC" "SARASA-TERM-SLAB-HC" "Sarasa Term Slab HC" "SARASA TERM SLAB J" "Sarasa Term Slab J" "SARASATERMSLABJ" "Sarasa Term Slab J" "SARASA_TERM_SLAB_J" "Sarasa Term Slab J" "SARASA-TERM-SLAB-J" "Sarasa Term Slab J" "SARASA TERM SLAB K" "Sarasa Term Slab K" "SARASATERMSLABK" "Sarasa Term Slab K" "SARASA_TERM_SLAB_K" "Sarasa Term Slab K" "SARASA-TERM-SLAB-K" "Sarasa Term Slab K" "SARASA TERM SLAB SC" "Sarasa Term Slab SC" "SARASATERMSLABSC" "Sarasa Term Slab SC" "SARASA_TERM_SLAB_SC" "Sarasa Term Slab SC" "SARASA-TERM-SLAB-SC" "Sarasa Term Slab SC" "SARASA TERM SLAB TC" "Sarasa Term Slab TC" "SARASATERMSLABTC" "Sarasa Term Slab TC" "SARASA_TERM_SLAB_TC" "Sarasa Term Slab TC" "SARASA-TERM-SLAB-TC" "Sarasa Term Slab TC" "SARASA TERM TC" "Sarasa Term TC" "SARASATERMTC" "Sarasa Term TC" "SARASA_TERM_TC" "Sarasa Term TC" "SARASA-TERM-TC" "Sarasa Term TC" "SARASA UI CL" "Sarasa UI CL" "SARASAUICL" "Sarasa UI CL" "SARASA_UI_CL" "Sarasa UI CL" "SARASA-UI-CL" "Sarasa UI CL" "SARASA UI HC" "Sarasa UI HC" "SARASAUIHC" "Sarasa UI HC" "SARASA_UI_HC" "Sarasa UI HC" "SARASA-UI-HC" "Sarasa UI HC" "SARASA UI J" "Sarasa UI J" "SARASAUIJ" "Sarasa UI J" "SARASA_UI_J" "Sarasa UI J" "SARASA-UI-J" "Sarasa UI J" "SARASA UI K" "Sarasa UI K" "SARASAUIK" "Sarasa UI K" "SARASA_UI_K" "Sarasa UI K" "SARASA-UI-K" "Sarasa UI K" "SARASA UI SC" "Sarasa UI SC" "SARASAUISC" "Sarasa UI SC" "SARASA_UI_SC" "Sarasa UI SC" "SARASA-UI-SC" "Sarasa UI SC" "SARASA UI TC" "Sarasa UI TC" "SARASAUITC" "Sarasa UI TC" "SARASA_UI_TC" "Sarasa UI TC" "SARASA-UI-TC" "Sarasa UI TC" "SATHU" "Sathu" "SAVOYE LET" "Savoye LET" "SAVOYELET" "Savoye LET" "SAVOYE_LET" "Savoye LET" "SAVOYE-LET" "Savoye LET" "SHREE DEVANAGARI 714" "Shree Devanagari 714" "SHREEDEVANAGARI714" "Shree Devanagari 714" "SHREE_DEVANAGARI_714" "Shree Devanagari 714" "SHREE-DEVANAGARI-714" "Shree Devanagari 714" "SIGNPAINTER" "SignPainter" "SIGN PAINTER" "SignPainter" "SIGN_PAINTER" "SignPainter" "SIGN-PAINTER" "SignPainter" "SILOM" "Silom" "SIMSONG" "SimSong" "SIM SONG" "SimSong" "SIM_SONG" "SimSong" "SIM-SONG" "SimSong" "SINHALA MN" "Sinhala MN" "SINHALAMN" "Sinhala MN" "SINHALA_MN" "Sinhala MN" "SINHALA-MN" "Sinhala MN" "SINHALA SANGAM MN" "Sinhala Sangam MN" "SINHALASANGAMMN" "Sinhala Sangam MN" "SINHALA_SANGAM_MN" "Sinhala Sangam MN" "SINHALA-SANGAM-MN" "Sinhala Sangam MN" "SKIA" "Skia" "SNELL ROUNDHAND" "Snell Roundhand" "SNELLROUNDHAND" "Snell Roundhand" "SNELL_ROUNDHAND" "Snell Roundhand" "SNELL-ROUNDHAND" "Snell Roundhand" "SONGTI SC" "Songti SC" "SONGTISC" "Songti SC" "SONGTI_SC" "Songti SC" "SONGTI-SC" "Songti SC" "SONGTI TC" "Songti TC" "SONGTITC" "Songti TC" "SONGTI_TC" "Songti TC" "SONGTI-TC" "Songti TC" "SPACE GROTESK" "Space Grotesk" "SPACEGROTESK" "Space Grotesk" "SPACE_GROTESK" "Space Grotesk" "SPACE-GROTESK" "Space Grotesk" "SPACE MONO" "Space Mono" "SPACEMONO" "Space Mono" "SPACE_MONO" "Space Mono" "SPACE-MONO" "Space Mono" "SPOT MONO" "Spot Mono" "SPOTMONO" "Spot Mono" "SPOT_MONO" "Spot Mono" "SPOT-MONO" "Spot Mono" "SUKHUMVIT SET" "Sukhumvit Set" "SUKHUMVITSET" "Sukhumvit Set" "SUKHUMVIT_SET" "Sukhumvit Set" "SUKHUMVIT-SET" "Sukhumvit Set" "SYMBOL" "Symbol" "SYMBOLA" "Symbola" "TAHOMA" "Tahoma" "TAMIL MN" "Tamil MN" "TAMILMN" "Tamil MN" "TAMIL_MN" "Tamil MN" "TAMIL-MN" "Tamil MN" "TAMIL SANGAM MN" "Tamil Sangam MN" "TAMILSANGAMMN" "Tamil Sangam MN" "TAMIL_SANGAM_MN" "Tamil Sangam MN" "TAMIL-SANGAM-MN" "Tamil Sangam MN" "TELUGU MN" "Telugu MN" "TELUGUMN" "Telugu MN" "TELUGU_MN" "Telugu MN" "TELUGU-MN" "Telugu MN" "TELUGU SANGAM MN" "Telugu Sangam MN" "TELUGUSANGAMMN" "Telugu Sangam MN" "TELUGU_SANGAM_MN" "Telugu Sangam MN" "TELUGU-SANGAM-MN" "Telugu Sangam MN" "THONBURI" "Thonburi" "TIMES NEW ROMAN" "Times New Roman" "TIMESNEWROMAN" "Times New Roman" "TIMES_NEW_ROMAN" "Times New Roman" "TIMES-NEW-ROMAN" "Times New Roman" "TOPPAN BUNKYU GOTHIC" "Toppan Bunkyu Gothic" "TOPPANBUNKYUGOTHIC" "Toppan Bunkyu Gothic" "TOPPAN_BUNKYU_GOTHIC" "Toppan Bunkyu Gothic" "TOPPAN-BUNKYU-GOTHIC" "Toppan Bunkyu Gothic" "TOPPAN BUNKYU MIDASHI GOTHIC" "Toppan Bunkyu Midashi Gothic" "TOPPANBUNKYUMIDASHIGOTHIC" "Toppan Bunkyu Midashi Gothic" "TOPPAN_BUNKYU_MIDASHI_GOTHIC" "Toppan Bunkyu Midashi Gothic" "TOPPAN-BUNKYU-MIDASHI-GOTHIC" "Toppan Bunkyu Midashi Gothic" "TOPPAN BUNKYU MIDASHI MINCHO" "Toppan Bunkyu Midashi Mincho" "TOPPANBUNKYUMIDASHIMINCHO" "Toppan Bunkyu Midashi Mincho" "TOPPAN_BUNKYU_MIDASHI_MINCHO" "Toppan Bunkyu Midashi Mincho" "TOPPAN-BUNKYU-MIDASHI-MINCHO" "Toppan Bunkyu Midashi Mincho" "TOPPAN BUNKYU MINCHO" "Toppan Bunkyu Mincho" "TOPPANBUNKYUMINCHO" "Toppan Bunkyu Mincho" "TOPPAN_BUNKYU_MINCHO" "Toppan Bunkyu Mincho" "TOPPAN-BUNKYU-MINCHO" "Toppan Bunkyu Mincho" "TRATTATELLO" "Trattatello" "TREBUCHET MS" "Trebuchet MS" "TREBUCHETMS" "Trebuchet MS" "TREBUCHET_MS" "Trebuchet MS" "TREBUCHET-MS" "Trebuchet MS" "TSUKUSHI A ROUND GOTHIC" "Tsukushi A Round Gothic" "TSUKUSHIAROUNDGOTHIC" "Tsukushi A Round Gothic" "TSUKUSHI_A_ROUND_GOTHIC" "Tsukushi A Round Gothic" "TSUKUSHI-A-ROUND-GOTHIC" "Tsukushi A Round Gothic" "TSUKUSHI B ROUND GOTHIC" "Tsukushi B Round Gothic" "TSUKUSHIBROUNDGOTHIC" "Tsukushi B Round Gothic" "TSUKUSHI_B_ROUND_GOTHIC" "Tsukushi B Round Gothic" "TSUKUSHI-B-ROUND-GOTHIC" "Tsukushi B Round Gothic" "UBUNTUMONO NERD FONT" "UbuntuMono Nerd Font" "UBUNTUMONONERDFONT" "UbuntuMono Nerd Font" "UBUNTUMONO_NERD_FONT" "UbuntuMono Nerd Font" "UBUNTUMONO-NERD-FONT" "UbuntuMono Nerd Font" "UBUNTU MONO NERD FONT" "UbuntuMono Nerd Font" "UBUNTU_MONO_NERD_FONT" "UbuntuMono Nerd Font" "UBUNTU-MONO-NERD-FONT" "UbuntuMono Nerd Font" "UBUNTUMONO NERD FONT MONO" "UbuntuMono Nerd Font Mono" "UBUNTUMONONERDFONTMONO" "UbuntuMono Nerd Font Mono" "UBUNTUMONO_NERD_FONT_MONO" "UbuntuMono Nerd Font Mono" "UBUNTUMONO-NERD-FONT-MONO" "UbuntuMono Nerd Font Mono" "UBUNTU MONO NERD FONT MONO" "UbuntuMono Nerd Font Mono" "UBUNTU_MONO_NERD_FONT_MONO" "UbuntuMono Nerd Font Mono" "UBUNTU-MONO-NERD-FONT-MONO" "UbuntuMono Nerd Font Mono" "UBUNTUMONO NERD FONT PROPO" "UbuntuMono Nerd Font Propo" "UBUNTUMONONERDFONTPROPO" "UbuntuMono Nerd Font Propo" "UBUNTUMONO_NERD_FONT_PROPO" "UbuntuMono Nerd Font Propo" "UBUNTUMONO-NERD-FONT-PROPO" "UbuntuMono Nerd Font Propo" "UBUNTU MONO NERD FONT PROPO" "UbuntuMono Nerd Font Propo" "UBUNTU_MONO_NERD_FONT_PROPO" "UbuntuMono Nerd Font Propo" "UBUNTU-MONO-NERD-FONT-PROPO" "UbuntuMono Nerd Font Propo" "VERDANA" "Verdana" "VICTOR MONO" "Victor Mono" "VICTORMONO" "Victor Mono" "VICTOR_MONO" "Victor Mono" "VICTOR-MONO" "Victor Mono" "VICTORMONO NERD FONT" "VictorMono Nerd Font" "VICTORMONONERDFONT" "VictorMono Nerd Font" "VICTORMONO_NERD_FONT" "VictorMono Nerd Font" "VICTORMONO-NERD-FONT" "VictorMono Nerd Font" "VICTOR MONO NERD FONT" "VictorMono Nerd Font" "VICTOR_MONO_NERD_FONT" "VictorMono Nerd Font" "VICTOR-MONO-NERD-FONT" "VictorMono Nerd Font" "VICTORMONO NERD FONT MONO" "VictorMono Nerd Font Mono" "VICTORMONONERDFONTMONO" "VictorMono Nerd Font Mono" "VICTORMONO_NERD_FONT_MONO" "VictorMono Nerd Font Mono" "VICTORMONO-NERD-FONT-MONO" "VictorMono Nerd Font Mono" "VICTOR MONO NERD FONT MONO" "VictorMono Nerd Font Mono" "VICTOR_MONO_NERD_FONT_MONO" "VictorMono Nerd Font Mono" "VICTOR-MONO-NERD-FONT-MONO" "VictorMono Nerd Font Mono" "VICTORMONO NERD FONT PROPO" "VictorMono Nerd Font Propo" "VICTORMONONERDFONTPROPO" "VictorMono Nerd Font Propo" "VICTORMONO_NERD_FONT_PROPO" "VictorMono Nerd Font Propo" "VICTORMONO-NERD-FONT-PROPO" "VictorMono Nerd Font Propo" "VICTOR MONO NERD FONT PROPO" "VictorMono Nerd Font Propo" "VICTOR_MONO_NERD_FONT_PROPO" "VictorMono Nerd Font Propo" "VICTOR-MONO-NERD-FONT-PROPO" "VictorMono Nerd Font Propo" "WASEEM" "Waseem" "WAWATI SC" "Wawati SC" "WAWATISC" "Wawati SC" "WAWATI_SC" "Wawati SC" "WAWATI-SC" "Wawati SC" "WAWATI TC" "Wawati TC" "WAWATITC" "Wawati TC" "WAWATI_TC" "Wawati TC" "WAWATI-TC" "Wawati TC" "WEBDINGS" "Webdings" "WEIBEI SC" "Weibei SC" "WEIBEISC" "Weibei SC" "WEIBEI_SC" "Weibei SC" "WEIBEI-SC" "Weibei SC" "WEIBEI TC" "Weibei TC" "WEIBEITC" "Weibei TC" "WEIBEI_TC" "Weibei TC" "WEIBEI-TC" "Weibei TC" "WINGDINGS" "Wingdings" "WINGDINGS 2" "Wingdings 2" "WINGDINGS2" "Wingdings 2" "WINGDINGS_2" "Wingdings 2" "WINGDINGS-2" "Wingdings 2" "WINGDINGS 3" "Wingdings 3" "WINGDINGS3" "Wingdings 3" "WINGDINGS_3" "Wingdings 3" "WINGDINGS-3" "Wingdings 3" "XINGKAI SC" "Xingkai SC" "XINGKAISC" "Xingkai SC" "XINGKAI_SC" "Xingkai SC" "XINGKAI-SC" "Xingkai SC" "XINGKAI TC" "Xingkai TC" "XINGKAITC" "Xingkai TC" "XINGKAI_TC" "Xingkai TC" "XINGKAI-TC" "Xingkai TC" "YSABEAU" "Ysabeau" "YSABEAU INFANT" "Ysabeau Infant" "YSABEAUINFANT" "Ysabeau Infant" "YSABEAU_INFANT" "Ysabeau Infant" "YSABEAU-INFANT" "Ysabeau Infant" "YSABEAU OFFICE" "Ysabeau Office" "YSABEAUOFFICE" "Ysabeau Office" "YSABEAU_OFFICE" "Ysabeau Office" "YSABEAU-OFFICE" "Ysabeau Office" "YSABEAU SC" "Ysabeau SC" "YSABEAUSC" "Ysabeau SC" "YSABEAU_SC" "Ysabeau SC" "YSABEAU-SC" "Ysabeau SC" "YUGOTHIC" "YuGothic" "YU GOTHIC" "YuGothic" "YU_GOTHIC" "YuGothic" "YU-GOTHIC" "YuGothic" "YUKYOKASHO" "YuKyokasho" "YU KYOKASHO" "YuKyokasho" "YU_KYOKASHO" "YuKyokasho" "YU-KYOKASHO" "YuKyokasho" "YUKYOKASHO YOKO" "YuKyokasho Yoko" "YUKYOKASHOYOKO" "YuKyokasho Yoko" "YUKYOKASHO_YOKO" "YuKyokasho Yoko" "YUKYOKASHO-YOKO" "YuKyokasho Yoko" "YU KYOKASHO YOKO" "YuKyokasho Yoko" "YU_KYOKASHO_YOKO" "YuKyokasho Yoko" "YU-KYOKASHO-YOKO" "YuKyokasho Yoko" "YUMINCHO" "YuMincho" "YU MINCHO" "YuMincho" "YU_MINCHO" "YuMincho" "YU-MINCHO" "YuMincho" "YUMINCHO +36P KANA" "YuMincho +36p Kana" "YUMINCHO+36PKANA" "YuMincho +36p Kana" "YUMINCHO_+36P_KANA" "YuMincho +36p Kana" "YUMINCHO-+36P-KANA" "YuMincho +36p Kana" "YU MINCHO +36P KANA" "YuMincho +36p Kana" "YU_MINCHO_+36P_KANA" "YuMincho +36p Kana" "YU-MINCHO-+36P-KANA" "YuMincho +36p Kana" "YUANTI SC" "Yuanti SC" "YUANTISC" "Yuanti SC" "YUANTI_SC" "Yuanti SC" "YUANTI-SC" "Yuanti SC" "YUANTI TC" "Yuanti TC" "YUANTITC" "Yuanti TC" "YUANTI_TC" "Yuanti TC" "YUANTI-TC" "Yuanti TC" "YUPPY SC" "Yuppy SC" "YUPPYSC" "Yuppy SC" "YUPPY_SC" "Yuppy SC" "YUPPY-SC" "Yuppy SC" "YUPPY TC" "Yuppy TC" "YUPPYTC" "Yuppy TC" "YUPPY_TC" "Yuppy TC" "YUPPY-TC" "Yuppy TC" "ZAPF DINGBATS" "Zapf Dingbats" "ZAPFDINGBATS" "Zapf Dingbats" "ZAPF_DINGBATS" "Zapf Dingbats" "ZAPF-DINGBATS" "Zapf Dingbats" "ZAPFINO" "Zapfino" "IA WRITER DUO S" "iA Writer Duo S" "IAWRITERDUOS" "iA Writer Duo S" "IA_WRITER_DUO_S" "iA Writer Duo S" "IA-WRITER-DUO-S" "iA Writer Duo S" "I A WRITER DUO S" "iA Writer Duo S" "I_A_WRITER_DUO_S" "iA Writer Duo S" "I-A-WRITER-DUO-S" "iA Writer Duo S" "IA WRITER MONO S" "iA Writer Mono S" "IAWRITERMONOS" "iA Writer Mono S" "IA_WRITER_MONO_S" "iA Writer Mono S" "IA-WRITER-MONO-S" "iA Writer Mono S" "I A WRITER MONO S" "iA Writer Mono S" "I_A_WRITER_MONO_S" "iA Writer Mono S" "I-A-WRITER-MONO-S" "iA Writer Mono S" "IA WRITER QUATTRO S" "iA Writer Quattro S" "IAWRITERQUATTROS" "iA Writer Quattro S" "IA_WRITER_QUATTRO_S" "iA Writer Quattro S" "IA-WRITER-QUATTRO-S" "iA Writer Quattro S" "I A WRITER QUATTRO S" "iA Writer Quattro S" "I_A_WRITER_QUATTRO_S" "iA Writer Quattro S" "I-A-WRITER-QUATTRO-S" "iA Writer Quattro S")))))
  :entry-cls pcache-entry
  :timestamp 1689319654.643278)
